program_name,outline_filename
Dementia Care,Dementia_Care_Program_Outline
Medication Management,Medication_Management_Program_Outline
Palliative Care,Palliative_Care_Program_Outline
Certificate in Makeup Artistry Fundamentals,Make_Up_Artistry_Fundamentals_Program_Outline
Canadian Payroll Administration,
Canadian Taxation,Canadian_Taxation_Program_Outline
Quickbooks for Accounting,
Keyboarding Skills,Keyboarding_Skills_Program_Outline
Food Service Assistant Certificate,Food_Service_Assistant_Certificate_Program_Outline
Basics of Computers,Basics_of_Computers_Program_Outline
Network Engineer Diploma,Network_Engineer_Program_Outline
Information Systems Diploma,Information_System_Program_Outline
Academic Preparation,Academic_Prep_Program_Outline
CLB Preparation,CLB_Test_Preparation_Program_Outline
IELTS Preparation,IELTS_Preparation_Program_Outline
Private Pilot License,Private_Pilot_License_Program_Outline
Warehouse and Logistics Fundamentals Certificate,Warehouse_and_Logistics_Fundamentals_Program_Outline
Acute Care for HCAs,Acute_Care_for_HCAs_Program_Outline
Advanced Accounting Diploma,Accounting_Management_Diploma_Program_Outline
Business Essentials Certificate,Certificate_in_Business_Essentials_Program_Outline
Activity Assistant Certificate,Activity_Assistant_Certificate_Program_Outline
Addictions Support Worker Diploma,Addictions_Support_Worker_Program_Outline
Cloud Computing Specialist Diploma,Cloud_Computing_Technology_Program_Outline
Post Graduate Diploma in Information Technology,Digital_Technology_Solutions_Diploma_Program_Outline
Post Graduate Diploma in Health Administration,Health_Services_Administration_Diploma_Program_Outline
Post Graduate Diploma in Business Management,Integrated_Business_Management_Diploma_Program_Outline
Network Administrator Diploma,Network_Administrator_Program_Outline
Community Mental Health Certificate,Community_Mental_Health_Certificate_Program_Outline
Commercial Pilot License,Commercial_Pilot_License_Program_Outline
Airline Cabin Crew Diploma,Airline_Cabin_Crew_Diploma_Program_Outline
Gerontology Diploma,Gerontology_Diploma_Program_Outline
Flight Instructor Rating Program,Flight_Instructor_Rating_Program_Outline
Pharmacy Assistant,Pharmacy_Assistant_Program_Outline
Computer Science Fundamentals Diploma,Computer_Science_Fundamentals_Diploma_Program_Outline
Network Support Technician,Network_Support_Technician_Program_Outline
Health Care Assistant Diploma (Access),HCA_Access_Program_Outline
Medical Office Assistant Diploma,Medical_Office_Assistant_Program_Outline
Business Management Diploma with Co-op,DBM_Coop_Program_Outline
Dental Receptionist Certificate,Dental_Receptionist_Program_Outline
Education Assistant Diploma,Education_Assistant_Diploma_Program_Outline
Office Administration Certificate,Office_Assistant_Certificate_Program_Outline
Certificate in International Trade,Certificate_in_International_Trade_Program_Outline
Hospitality Management Diploma,Hospitality_Management_Diploma_Program_Outline
Accounting Diploma,Accounting_Diploma_Program_Outline
Certificate in International Business,Intl_Business_Diploma_Program_Outline
Early Childhood Education Assistant,ECE_Assistant_Program_Outline
English as a Second Language,ESL_Program_Outline
Medical Device Reprocessing Technician Certificate,Medical_Device_Reprocessing_Technician_Program_Outline
Medical Laboratory Assistant,Medical_Lab_Assistant_Program_Outline
Night Rating Program,Night_Rating_Program_Outline
Live in Caregiver Certificate,LICG_Program_Outline
Paralegal Diploma,Paralegal_Studies_Diploma_Program_Outline
Dental Assistant Diploma,Dental_Assistant_Program_Outline
Bachelor of Hospitality Management,Hospitality_Management_Diploma_Program_Outline
Business Management Diploma,Business_Management_Diploma_Program_Outline
Accounting and Payroll Compliance Professional Certificate,Accounting_PCP_Certificate_Program_Outline
Bookkeeping and Accounting Certificate,Bookkeeping_Accounting_Certificate_Program_Outline
Health Care Assistant Diploma,Health_Care_Assistant_Program_Outline
Health Care Assistant with ESL Diploma,HCA_ESL_Program_Outline
Pharmacy Technician Diploma Program,Pharmacy_Technician_Diploma_Program_Outline
Registered Massage Therapy Program,Registered_Massage_Therapy_Program_Outline
Community Support Worker Diploma,Community_Support_Worker_Program_Outline
Early Childhood Education,ECE_Diploma_Program_Outline
